uuid,company_uuid,inventory_uuid,item_code,unit,unit_value,packaging_unit,cost,properties,group_id,status,status_history,created_at,updated_at
00261a19-d38c-4233-9d91-32d60c9b7840,cc03a332-37af-4854-97f8-24424a991994,2723b6e5-194c-43e9-8785-b122f2b2536d,44543,m,2,roll,300,"{""type"":""Thick"",""color"":""White""}",92bbf385-057f-49e1-b0b2-22b28c527110,AVAILABLE,"{""2025-06-15T05:57:11Z"":""AVAILABLE""}",2025-06-15 05:57:11.787233+00,2025-06-15 06:38:58.639825+00
0093dfd6-ca4a-404e-94ab-fdab80a33be2,cc03a332-37af-4854-97f8-24424a991994,2723b6e5-194c-43e9-8785-b122f2b2536d,44543,m,2,roll,300,"{""type"":""Thick"",""color"":""White""}",,AVAILABLE,"{""2025-06-15T06:38:58Z"":""AVAILABLE""}",2025-06-15 06:38:58.639825+00,2025-06-15 10:18:07.844837+00
00fbbaaa-a14d-4c17-ab12-ad122968a8ae,cc03a332-37af-4854-97f8-24424a991994,9d709bf3-8e1e-457d-815c-828601c73242,43455,m,10,roll,434,{},17c1d637-1a4a-4b0a-ba22-f2c03bfffa4f,AVAILABLE,"{""2025-06-15T09:55:51Z"":""AVAILABLE""}",2025-06-15 09:55:51.917708+00,2025-06-15 09:55:51.917708+00
03752e2e-7f4e-43bf-a5c3-4d5ad865251b,cc03a332-37af-4854-97f8-24424a991994,7e394b09-96a6-437d-a89b-504510298c57,213450,yd,1.7,roll,140,"{""color"":""White""}",245c7c08-1a93-43d5-bcbc-4ce6d49a477e,AVAILABLE,"{""2025-06-15T05:49:48Z"":""AVAILABLE""}",2025-06-15 05:49:48.426037+00,2025-06-15 07:15:58.829619+00
03e9a7e7-241c-40da-8ed9-1d4fbf759775,cc03a332-37af-4854-97f8-24424a991994,7e394b09-96a6-437d-a89b-504510298c57,213450,cm,150,roll,130,"{""color"":""White""}",3847f8ac-ba55-4d2a-b392-ba03c847fe47,AVAILABLE,"{""2025-06-15T05:49:48Z"":""AVAILABLE""}",2025-06-15 05:49:48.426037+00,2025-06-15 08:10:17.269287+00
057f5e91-2bfa-4b8f-abd3-fbf8bf92eb73,cc03a332-37af-4854-97f8-24424a991994,7e394b09-96a6-437d-a89b-504510298c57,213453,m,1.4,roll,100,"{""color"":""Red""}",72ab0d77-f2b1-455c-9197-304058ff1115,AVAILABLE,"{""2025-06-15T05:49:48Z"":""AVAILABLE""}",2025-06-15 05:49:48.426037+00,2025-06-15 05:53:39.484838+00
06654d89-6938-476a-82ac-09aa28989796,cc03a332-37af-4854-97f8-24424a991994,7e394b09-96a6-437d-a89b-504510298c57,213450,cm,150,roll,130,"{""color"":""White""}",3847f8ac-ba55-4d2a-b392-ba03c847fe47,AVAILABLE,"{""2025-06-15T05:49:48Z"":""AVAILABLE""}",2025-06-15 05:49:48.426037+00,2025-06-15 08:10:17.269287+00
07234252-ff4b-4dd2-8072-0fcca9e30081,cc03a332-37af-4854-97f8-24424a991994,2723b6e5-194c-43e9-8785-b122f2b2536d,44543,m,2,roll,300,"{""type"":""Thick"",""color"":""White""}",92bbf385-057f-49e1-b0b2-22b28c527110,AVAILABLE,"{""2025-06-15T05:57:11Z"":""AVAILABLE""}",2025-06-15 05:57:11.787233+00,2025-06-15 06:38:58.639825+00
07788e75-fe7e-4613-80cd-820cbe3c4dc9,cc03a332-37af-4854-97f8-24424a991994,2723b6e5-194c-43e9-8785-b122f2b2536d,44543,m,2,roll,300,"{""type"":""Thick"",""color"":""White""}",92bbf385-057f-49e1-b0b2-22b28c527110,AVAILABLE,"{""2025-06-15T05:57:11Z"":""AVAILABLE""}",2025-06-15 05:57:11.787233+00,2025-06-15 06:38:58.639825+00
08407b67-1e77-4d73-a2d5-f5fdd1c2635c,cc03a332-37af-4854-97f8-24424a991994,9d709bf3-8e1e-457d-815c-828601c73242,43455,m,10,roll,434,{},deb77610-f2f1-4075-b0d2-e2932d23c3ee,AVAILABLE,"{""2025-06-15T09:55:51Z"":""AVAILABLE""}",2025-06-15 09:55:51.917708+00,2025-06-15 10:17:02.475604+00
08c1eabc-ef3d-44dd-bc59-9b99f2187a06,cc03a332-37af-4854-97f8-24424a991994,7e394b09-96a6-437d-a89b-504510298c57,213450,cm,150,roll,130,"{""color"":""White""}",3847f8ac-ba55-4d2a-b392-ba03c847fe47,AVAILABLE,"{""2025-06-15T05:49:48Z"":""AVAILABLE""}",2025-06-15 05:49:48.426037+00,2025-06-15 08:10:17.269287+00
09272d5b-3714-4d9c-99a9-39d1f6b50b47,cc03a332-37af-4854-97f8-24424a991994,7e394b09-96a6-437d-a89b-504510298c57,213450,cm,150,roll,130,"{""color"":""White""}",3847f8ac-ba55-4d2a-b392-ba03c847fe47,AVAILABLE,"{""2025-06-15T05:49:48Z"":""AVAILABLE""}",2025-06-15 05:49:48.426037+00,2025-06-15 08:10:17.269287+00
0bae6420-ea7f-402a-abea-604ec7bd8f5c,cc03a332-37af-4854-97f8-24424a991994,7e394b09-96a6-437d-a89b-504510298c57,213450,ft,5,roll,120,"{""color"":""Khaki""}",0e168968-384b-43fa-8be6-c6336002a5cf,AVAILABLE,"{""2025-06-15T05:49:48Z"":""AVAILABLE""}",2025-06-15 05:49:48.426037+00,2025-06-15 05:53:39.484838+00
0c4a8d12-d89b-4169-a541-0bf811600f68,cc03a332-37af-4854-97f8-24424a991994,7e394b09-96a6-437d-a89b-504510298c57,213450,in,60,roll,120,"{""color"":""White""}",752661f2-f44f-4741-8f77-9a846d7cda45,AVAILABLE,"{""2025-06-15T05:49:48Z"":""AVAILABLE""}",2025-06-15 05:49:48.426037+00,2025-06-15 10:19:12.009719+00
0dafba6b-357c-4f20-8632-900e50a7acb5,cc03a332-37af-4854-97f8-24424a991994,7e394b09-96a6-437d-a89b-504510298c57,213450,in,60,roll,120,"{""color"":""White""}",752661f2-f44f-4741-8f77-9a846d7cda45,AVAILABLE,"{""2025-06-15T05:49:48Z"":""AVAILABLE""}",2025-06-15 05:49:48.426037+00,2025-06-15 10:18:50.283403+00
10107ad3-d70b-4ecf-853d-6f245ad035cc,cc03a332-37af-4854-97f8-24424a991994,2723b6e5-194c-43e9-8785-b122f2b2536d,44543,m,2,roll,300,"{""type"":""Thick"",""color"":""White""}",92bbf385-057f-49e1-b0b2-22b28c527110,AVAILABLE,"{""2025-06-15T05:57:11Z"":""AVAILABLE""}",2025-06-15 05:57:11.787233+00,2025-06-15 06:38:58.639825+00
1410de48-7c0e-4208-89bd-d8c8b56cb047,cc03a332-37af-4854-97f8-24424a991994,7e394b09-96a6-437d-a89b-504510298c57,213453,m,1.4,roll,100,"{""color"":""Red""}",72ab0d77-f2b1-455c-9197-304058ff1115,AVAILABLE,"{""2025-06-15T05:49:48Z"":""AVAILABLE""}",2025-06-15 05:49:48.426037+00,2025-06-15 05:53:39.484838+00
15d30bf5-eaa6-4564-872a-0055f10bf6e6,cc03a332-37af-4854-97f8-24424a991994,7e394b09-96a6-437d-a89b-504510298c57,213450,in,60,roll,120,"{""color"":""White""}",752661f2-f44f-4741-8f77-9a846d7cda45,AVAILABLE,"{""2025-06-15T05:49:48Z"":""AVAILABLE""}",2025-06-15 05:49:48.426037+00,2025-06-15 10:18:29.693245+00
197619b6-0a2e-4888-b6f6-dec24dd24df9,cc03a332-37af-4854-97f8-24424a991994,7e394b09-96a6-437d-a89b-504510298c57,213450,ft,5,roll,120,"{""color"":""Khaki""}",0e168968-384b-43fa-8be6-c6336002a5cf,AVAILABLE,"{""2025-06-15T05:49:48Z"":""AVAILABLE""}",2025-06-15 05:49:48.426037+00,2025-06-15 05:53:39.484838+00
1a662297-9b86-428e-a7e4-06dfdbc98d1d,cc03a332-37af-4854-97f8-24424a991994,2723b6e5-194c-43e9-8785-b122f2b2536d,44543,m,2,roll,300,"{""type"":""Thick"",""color"":""White""}",92bbf385-057f-49e1-b0b2-22b28c527110,AVAILABLE,"{""2025-06-15T05:57:11Z"":""AVAILABLE""}",2025-06-15 05:57:11.787233+00,2025-06-15 06:38:58.639825+00
1b19e717-c3df-48a5-80c9-99975a1ffbbe,cc03a332-37af-4854-97f8-24424a991994,9d709bf3-8e1e-457d-815c-828601c73242,43455,m,10,roll,434,{},ffcce8f4-5d0c-49fe-95a1-5cc145107806,AVAILABLE,"{""2025-06-15T09:55:51Z"":""AVAILABLE""}",2025-06-15 09:55:51.917708+00,2025-06-15 09:55:51.917708+00
212c4268-67af-4f6c-8b86-1971671a3b2c,cc03a332-37af-4854-97f8-24424a991994,2723b6e5-194c-43e9-8785-b122f2b2536d,44543,m,2,roll,300,"{""type"":""Thick"",""color"":""White""}",92bbf385-057f-49e1-b0b2-22b28c527110,AVAILABLE,"{""2025-06-15T05:57:11Z"":""AVAILABLE""}",2025-06-15 05:57:11.787233+00,2025-06-15 06:38:58.639825+00
22bc5c2d-dd99-4b56-a8c0-5846df1f021b,cc03a332-37af-4854-97f8-24424a991994,7e394b09-96a6-437d-a89b-504510298c57,213450,yd,1.7,roll,140,"{""color"":""White""}",245c7c08-1a93-43d5-bcbc-4ce6d49a477e,AVAILABLE,"{""2025-06-15T05:49:48Z"":""AVAILABLE""}",2025-06-15 05:49:48.426037+00,2025-06-15 07:15:58.829619+00
26e95648-c965-46ab-b53d-f589aaf860bd,cc03a332-37af-4854-97f8-24424a991994,7e394b09-96a6-437d-a89b-504510298c57,213450,in,60,roll,120,"{""color"":""White""}",752661f2-f44f-4741-8f77-9a846d7cda45,AVAILABLE,"{""2025-06-15T05:49:48Z"":""AVAILABLE""}",2025-06-15 05:49:48.426037+00,2025-06-15 10:18:34.696429+00
27ab586d-0625-48b7-b5ae-4a39b918be30,cc03a332-37af-4854-97f8-24424a991994,2723b6e5-194c-43e9-8785-b122f2b2536d,44543,m,2,roll,250,"{""color"":""White""}",9cd8ef2c-b369-4cb0-9d5b-5a29c0b506a9,AVAILABLE,"{""2025-06-15T05:57:11Z"":""AVAILABLE""}",2025-06-15 05:57:11.787233+00,2025-06-15 08:25:12.005275+00
286e5da9-ba9c-4a42-8961-3d3aed90970f,cc03a332-37af-4854-97f8-24424a991994,7e394b09-96a6-437d-a89b-504510298c57,213450,yd,1.7,roll,140,"{""color"":""White""}",245c7c08-1a93-43d5-bcbc-4ce6d49a477e,AVAILABLE,"{""2025-06-15T05:49:48Z"":""AVAILABLE""}",2025-06-15 05:49:48.426037+00,2025-06-15 07:15:58.829619+00
28c153ed-568c-4052-a2c2-52befb95a83b,cc03a332-37af-4854-97f8-24424a991994,7e394b09-96a6-437d-a89b-504510298c57,213450,ft,5,roll,120,"{""color"":""Khaki""}",0e168968-384b-43fa-8be6-c6336002a5cf,AVAILABLE,"{""2025-06-15T05:49:48Z"":""AVAILABLE""}",2025-06-15 05:49:48.426037+00,2025-06-15 05:53:39.484838+00
2b2b7d89-8459-4940-9aea-af83ed800180,cc03a332-37af-4854-97f8-24424a991994,7e394b09-96a6-437d-a89b-504510298c57,213450,in,60,roll,120,"{""color"":""White""}",752661f2-f44f-4741-8f77-9a846d7cda45,AVAILABLE,"{""2025-06-15T05:49:48Z"":""AVAILABLE""}",2025-06-15 05:49:48.426037+00,2025-06-15 10:18:48.201511+00
2ba7ae5a-9da4-4574-bc69-41fee7c1aa7f,cc03a332-37af-4854-97f8-24424a991994,7e394b09-96a6-437d-a89b-504510298c57,213450,in,60,roll,120,"{""color"":""White""}",752661f2-f44f-4741-8f77-9a846d7cda45,AVAILABLE,"{""2025-06-15T05:49:48Z"":""AVAILABLE""}",2025-06-15 05:49:48.426037+00,2025-06-15 10:19:15.424616+00
2c0f12c0-fbcb-4918-945b-664f39403a94,cc03a332-37af-4854-97f8-24424a991994,7e394b09-96a6-437d-a89b-504510298c57,213450,cm,150,roll,130,"{""color"":""White""}",3847f8ac-ba55-4d2a-b392-ba03c847fe47,AVAILABLE,"{""2025-06-15T05:49:48Z"":""AVAILABLE""}",2025-06-15 05:49:48.426037+00,2025-06-15 08:10:17.269287+00
2cbab77b-d5e4-4d53-9e86-7ba90bb3f1f2,cc03a332-37af-4854-97f8-24424a991994,9d709bf3-8e1e-457d-815c-828601c73242,43455,m,10,roll,434,{},9572fd74-02cd-47f3-b536-b51a4336e5fd,AVAILABLE,"{""2025-06-15T09:55:51Z"":""AVAILABLE""}",2025-06-15 09:55:51.917708+00,2025-06-15 09:55:51.917708+00
2d15c4c1-4e3f-463b-a877-cb234ecd5247,cc03a332-37af-4854-97f8-24424a991994,7e394b09-96a6-437d-a89b-504510298c57,213450,ft,5,roll,120,"{""color"":""Khaki""}",0e168968-384b-43fa-8be6-c6336002a5cf,AVAILABLE,"{""2025-06-15T05:49:48Z"":""AVAILABLE""}",2025-06-15 05:49:48.426037+00,2025-06-15 05:53:39.484838+00
2e9a2ddb-728e-4328-a20f-587797c44f69,cc03a332-37af-4854-97f8-24424a991994,2723b6e5-194c-43e9-8785-b122f2b2536d,44543,m,2,roll,250,"{""color"":""White""}",9cd8ef2c-b369-4cb0-9d5b-5a29c0b506a9,AVAILABLE,"{""2025-06-15T05:57:11Z"":""AVAILABLE""}",2025-06-15 05:57:11.787233+00,2025-06-15 08:25:12.005275+00
2ecfb02e-54ad-497f-8b98-d9a369d45c9f,cc03a332-37af-4854-97f8-24424a991994,2723b6e5-194c-43e9-8785-b122f2b2536d,44543,m,2,roll,300,"{""type"":""Thick"",""color"":""White""}",92bbf385-057f-49e1-b0b2-22b28c527110,AVAILABLE,"{""2025-06-15T05:57:11Z"":""AVAILABLE""}",2025-06-15 05:57:11.787233+00,2025-06-15 06:38:58.639825+00
31f8a878-9ed7-4eb5-b0e7-3aa3d50fe009,cc03a332-37af-4854-97f8-24424a991994,7e394b09-96a6-437d-a89b-504510298c57,213450,cm,150,roll,130,"{""color"":""White""}",3847f8ac-ba55-4d2a-b392-ba03c847fe47,AVAILABLE,"{""2025-06-15T05:49:48Z"":""AVAILABLE""}",2025-06-15 05:49:48.426037+00,2025-06-15 08:10:17.269287+00
32440af9-2e09-4d54-9ad0-35ca943395ed,cc03a332-37af-4854-97f8-24424a991994,2723b6e5-194c-43e9-8785-b122f2b2536d,44543,m,2,roll,250,"{""color"":""White""}",9cd8ef2c-b369-4cb0-9d5b-5a29c0b506a9,AVAILABLE,"{""2025-06-15T05:57:11Z"":""AVAILABLE""}",2025-06-15 05:57:11.787233+00,2025-06-15 08:25:12.005275+00
3ad2ddaf-cca3-4670-8e19-d5fff14eb222,cc03a332-37af-4854-97f8-24424a991994,7e394b09-96a6-437d-a89b-504510298c57,213453,m,1.4,roll,100,"{""color"":""Red""}",72ab0d77-f2b1-455c-9197-304058ff1115,AVAILABLE,"{""2025-06-15T05:49:48Z"":""AVAILABLE""}",2025-06-15 05:49:48.426037+00,2025-06-15 06:54:20.738918+00
3c50c207-e206-4477-9661-83c86692e782,cc03a332-37af-4854-97f8-24424a991994,9d709bf3-8e1e-457d-815c-828601c73242,43455,m,10,roll,434,{},ffcce8f4-5d0c-49fe-95a1-5cc145107806,AVAILABLE,"{""2025-06-15T09:55:51Z"":""AVAILABLE""}",2025-06-15 09:55:51.917708+00,2025-06-15 09:55:51.917708+00
3dbe188b-2a2e-4617-9b59-34ebcc9e8bf6,cc03a332-37af-4854-97f8-24424a991994,2723b6e5-194c-43e9-8785-b122f2b2536d,44543,m,2,roll,300,"{""color"":""White""}",,AVAILABLE,"{""2025-06-15T05:57:11Z"":""AVAILABLE""}",2025-06-15 05:57:11.787233+00,2025-06-15 08:18:43.485042+00
3fa339f2-6770-4439-abd9-9f1e2bea17a3,cc03a332-37af-4854-97f8-24424a991994,2723b6e5-194c-43e9-8785-b122f2b2536d,44543,m,2,roll,300,"{""type"":""Thick"",""color"":""White""}",92bbf385-057f-49e1-b0b2-22b28c527110,AVAILABLE,"{""2025-06-15T05:57:11Z"":""AVAILABLE""}",2025-06-15 05:57:11.787233+00,2025-06-15 06:38:58.639825+00
442bff42-dafe-4840-8988-969685a3f889,cc03a332-37af-4854-97f8-24424a991994,7e394b09-96a6-437d-a89b-504510298c57,213453,m,1.4,roll,100,"{""color"":""Red""}",72ab0d77-f2b1-455c-9197-304058ff1115,AVAILABLE,"{""2025-06-15T05:49:48Z"":""AVAILABLE""}",2025-06-15 05:49:48.426037+00,2025-06-15 06:50:44.556474+00
457cb922-b4ff-46e6-aa53-a7e43730c2dc,cc03a332-37af-4854-97f8-24424a991994,7e394b09-96a6-437d-a89b-504510298c57,213450,ft,5,roll,120,"{""color"":""Khaki""}",0e168968-384b-43fa-8be6-c6336002a5cf,AVAILABLE,"{""2025-06-15T05:49:48Z"":""AVAILABLE""}",2025-06-15 05:49:48.426037+00,2025-06-15 05:53:39.484838+00
45e5c087-1e96-4ca8-b6a1-829d902062f6,cc03a332-37af-4854-97f8-24424a991994,9d709bf3-8e1e-457d-815c-828601c73242,43455,m,10,roll,434,{},9572fd74-02cd-47f3-b536-b51a4336e5fd,AVAILABLE,"{""2025-06-15T09:55:51Z"":""AVAILABLE""}",2025-06-15 09:55:51.917708+00,2025-06-15 09:55:51.917708+00
4786db0e-38a0-4405-8c32-b84adaca20b1,cc03a332-37af-4854-97f8-24424a991994,7e394b09-96a6-437d-a89b-504510298c57,213453,m,1.4,roll,100,"{""color"":""Red""}",72ab0d77-f2b1-455c-9197-304058ff1115,AVAILABLE,"{""2025-06-15T05:49:48Z"":""AVAILABLE""}",2025-06-15 05:49:48.426037+00,2025-06-15 05:53:39.484838+00
4881164a-e06c-4e0a-ab64-98a953d0f90a,cc03a332-37af-4854-97f8-24424a991994,7e394b09-96a6-437d-a89b-504510298c57,213453,m,1.4,roll,100,"{""color"":""Red""}",72ab0d77-f2b1-455c-9197-304058ff1115,AVAILABLE,"{""2025-06-15T05:49:48Z"":""AVAILABLE""}",2025-06-15 05:49:48.426037+00,2025-06-15 05:53:39.484838+00
495bb50e-d8d1-4b44-b4aa-8bcf6da9a96d,cc03a332-37af-4854-97f8-24424a991994,7e394b09-96a6-437d-a89b-504510298c57,213450,yd,1.7,roll,140,"{""color"":""White""}",245c7c08-1a93-43d5-bcbc-4ce6d49a477e,AVAILABLE,"{""2025-06-15T05:49:48Z"":""AVAILABLE""}",2025-06-15 05:49:48.426037+00,2025-06-15 07:15:58.829619+00
4ab5aec5-ac4a-4bb8-b757-1f298249a251,cc03a332-37af-4854-97f8-24424a991994,7e394b09-96a6-437d-a89b-504510298c57,213450,in,60,roll,120,"{""color"":""White""}",752661f2-f44f-4741-8f77-9a846d7cda45,AVAILABLE,"{""2025-06-15T05:49:48Z"":""AVAILABLE""}",2025-06-15 05:49:48.426037+00,2025-06-15 10:18:36.602318+00
4ac74fd4-cead-453d-b5b2-5ee1a3605e2a,cc03a332-37af-4854-97f8-24424a991994,2723b6e5-194c-43e9-8785-b122f2b2536d,44543,m,2,roll,300,"{""type"":""Thick"",""color"":""White""}",92bbf385-057f-49e1-b0b2-22b28c527110,AVAILABLE,"{""2025-06-15T05:57:11Z"":""AVAILABLE""}",2025-06-15 05:57:11.787233+00,2025-06-15 06:38:58.639825+00
4b7a9c2d-43e5-4924-b0cf-5b2224ef4a4b,cc03a332-37af-4854-97f8-24424a991994,9d709bf3-8e1e-457d-815c-828601c73242,43455,m,10,roll,434,{},deb77610-f2f1-4075-b0d2-e2932d23c3ee,AVAILABLE,"{""2025-06-15T09:55:51Z"":""AVAILABLE""}",2025-06-15 09:55:51.917708+00,2025-06-15 10:17:02.475604+00
4bf47f0c-4524-4d48-bf5a-ed9822a6a377,cc03a332-37af-4854-97f8-24424a991994,7e394b09-96a6-437d-a89b-504510298c57,213453,m,1.4,roll,100,"{""color"":""Red""}",72ab0d77-f2b1-455c-9197-304058ff1115,AVAILABLE,"{""2025-06-15T05:49:48Z"":""AVAILABLE""}",2025-06-15 05:49:48.426037+00,2025-06-15 05:53:39.484838+00
4e88c123-6774-4fc4-99de-627701c4d8de,cc03a332-37af-4854-97f8-24424a991994,2723b6e5-194c-43e9-8785-b122f2b2536d,44543,m,2,roll,300,"{""type"":""Thick"",""color"":""White""}",92bbf385-057f-49e1-b0b2-22b28c527110,AVAILABLE,"{""2025-06-15T05:57:11Z"":""AVAILABLE""}",2025-06-15 05:57:11.787233+00,2025-06-15 06:38:58.639825+00
4f32c8fb-19b3-42ea-9d0c-106f34a70a8c,cc03a332-37af-4854-97f8-24424a991994,7e394b09-96a6-437d-a89b-504510298c57,213453,m,1.4,roll,100,"{""color"":""Red""}",72ab0d77-f2b1-455c-9197-304058ff1115,AVAILABLE,"{""2025-06-15T05:49:48Z"":""AVAILABLE""}",2025-06-15 05:49:48.426037+00,2025-06-15 05:53:39.484838+00
52c4515f-9675-46da-b1e7-12e59946e113,cc03a332-37af-4854-97f8-24424a991994,9d709bf3-8e1e-457d-815c-828601c73242,43455,m,10,roll,434,{},17c1d637-1a4a-4b0a-ba22-f2c03bfffa4f,AVAILABLE,"{""2025-06-15T09:55:51Z"":""AVAILABLE""}",2025-06-15 09:55:51.917708+00,2025-06-15 09:55:51.917708+00
52ddcc0f-01bd-40a4-a846-31a0fc645eb6,cc03a332-37af-4854-97f8-24424a991994,7e394b09-96a6-437d-a89b-504510298c57,213450,yd,1.7,roll,140,"{""color"":""White""}",245c7c08-1a93-43d5-bcbc-4ce6d49a477e,AVAILABLE,"{""2025-06-15T05:49:48Z"":""AVAILABLE""}",2025-06-15 05:49:48.426037+00,2025-06-15 07:15:58.829619+00
54647447-a9d1-4e26-8041-25b759572d65,cc03a332-37af-4854-97f8-24424a991994,7e394b09-96a6-437d-a89b-504510298c57,213453,m,1.4,roll,100,"{""color"":""Red""}",72ab0d77-f2b1-455c-9197-304058ff1115,AVAILABLE,"{""2025-06-15T05:49:48Z"":""AVAILABLE""}",2025-06-15 05:49:48.426037+00,2025-06-15 06:50:44.556474+00
548b1c32-db91-4c2e-a1a7-4e140050db42,cc03a332-37af-4854-97f8-24424a991994,7e394b09-96a6-437d-a89b-504510298c57,213450,cm,150,roll,130,"{""color"":""White""}",3847f8ac-ba55-4d2a-b392-ba03c847fe47,AVAILABLE,"{""2025-06-15T05:49:48Z"":""AVAILABLE""}",2025-06-15 05:49:48.426037+00,2025-06-15 08:10:17.269287+00
54aa52d4-9fd7-4882-842a-4ac2623e9e3e,cc03a332-37af-4854-97f8-24424a991994,7e394b09-96a6-437d-a89b-504510298c57,213453,m,1.4,roll,100,"{""color"":""Red""}",72ab0d77-f2b1-455c-9197-304058ff1115,AVAILABLE,"{""2025-06-15T05:49:48Z"":""AVAILABLE""}",2025-06-15 05:49:48.426037+00,2025-06-15 06:50:44.556474+00
54dd3f1f-839b-42f8-953d-09b2cfc294c1,cc03a332-37af-4854-97f8-24424a991994,9d709bf3-8e1e-457d-815c-828601c73242,43455,m,10,roll,434,{},747eca2c-70fc-406c-bfd7-dd834766acd3,AVAILABLE,"{""2025-06-15T09:55:51Z"":""AVAILABLE""}",2025-06-15 09:55:51.917708+00,2025-06-15 09:55:51.917708+00
569517a1-780d-48ba-957c-79def27df5b7,cc03a332-37af-4854-97f8-24424a991994,7e394b09-96a6-437d-a89b-504510298c57,213450,cm,150,roll,130,"{""color"":""White""}",3847f8ac-ba55-4d2a-b392-ba03c847fe47,AVAILABLE,"{""2025-06-15T05:49:48Z"":""AVAILABLE""}",2025-06-15 05:49:48.426037+00,2025-06-15 08:10:17.269287+00
5a3ad41a-7613-4d33-90c4-19638f11f93f,cc03a332-37af-4854-97f8-24424a991994,2723b6e5-194c-43e9-8785-b122f2b2536d,44543,m,2,roll,250,"{""color"":""White""}",9cd8ef2c-b369-4cb0-9d5b-5a29c0b506a9,AVAILABLE,"{""2025-06-15T05:57:11Z"":""AVAILABLE""}",2025-06-15 05:57:11.787233+00,2025-06-15 08:25:12.005275+00
5ab25519-097e-4810-8bdb-eb2b90395173,cc03a332-37af-4854-97f8-24424a991994,7e394b09-96a6-437d-a89b-504510298c57,213450,ft,5,roll,120,"{""color"":""Khaki""}",0e168968-384b-43fa-8be6-c6336002a5cf,AVAILABLE,"{""2025-06-15T05:49:48Z"":""AVAILABLE""}",2025-06-15 05:49:48.426037+00,2025-06-15 05:53:39.484838+00
5b37dec1-7f24-4f9b-9fb2-a327604a8484,cc03a332-37af-4854-97f8-24424a991994,7e394b09-96a6-437d-a89b-504510298c57,213450,ft,5,roll,120,"{""color"":""Khaki""}",0e168968-384b-43fa-8be6-c6336002a5cf,AVAILABLE,"{""2025-06-15T05:49:48Z"":""AVAILABLE""}",2025-06-15 05:49:48.426037+00,2025-06-15 05:53:39.484838+00
5bb16bd1-07f6-4935-8e7f-4a4dbc340745,cc03a332-37af-4854-97f8-24424a991994,7e394b09-96a6-437d-a89b-504510298c57,213453,m,1.4,roll,100,"{""color"":""Red""}",72ab0d77-f2b1-455c-9197-304058ff1115,AVAILABLE,"{""2025-06-15T05:49:48Z"":""AVAILABLE""}",2025-06-15 05:49:48.426037+00,2025-06-15 06:54:20.738918+00
5d052987-b297-4ec2-acd6-2106ee57d088,cc03a332-37af-4854-97f8-24424a991994,7e394b09-96a6-437d-a89b-504510298c57,213453,m,1.4,roll,100,"{""color"":""Red""}",72ab0d77-f2b1-455c-9197-304058ff1115,AVAILABLE,"{""2025-06-15T05:49:48Z"":""AVAILABLE""}",2025-06-15 05:49:48.426037+00,2025-06-15 05:53:39.484838+00
5d34a73c-bf7a-4e2f-b68b-d3ed1a076c13,cc03a332-37af-4854-97f8-24424a991994,2723b6e5-194c-43e9-8785-b122f2b2536d,44543,m,2,roll,300,"{""type"":""Thick"",""color"":""White""}",92bbf385-057f-49e1-b0b2-22b28c527110,AVAILABLE,"{""2025-06-15T05:57:11Z"":""AVAILABLE""}",2025-06-15 05:57:11.787233+00,2025-06-15 06:38:58.639825+00
5e2859dc-4f6d-4010-926a-b27555bfe2b3,cc03a332-37af-4854-97f8-24424a991994,7e394b09-96a6-437d-a89b-504510298c57,213450,yd,1.7,roll,140,"{""color"":""White""}",245c7c08-1a93-43d5-bcbc-4ce6d49a477e,AVAILABLE,"{""2025-06-15T05:49:48Z"":""AVAILABLE""}",2025-06-15 05:49:48.426037+00,2025-06-15 07:15:58.829619+00
60be9a8f-49c6-4f94-98e4-8c7285074b67,cc03a332-37af-4854-97f8-24424a991994,7e394b09-96a6-437d-a89b-504510298c57,213450,cm,150,roll,130,"{""color"":""White""}",3847f8ac-ba55-4d2a-b392-ba03c847fe47,AVAILABLE,"{""2025-06-15T05:49:48Z"":""AVAILABLE""}",2025-06-15 05:49:48.426037+00,2025-06-15 08:10:17.269287+00
61054b70-9509-42a8-85fe-ddb8bcbc6021,cc03a332-37af-4854-97f8-24424a991994,2723b6e5-194c-43e9-8785-b122f2b2536d,44543,m,2,roll,300,"{""type"":""Thick"",""color"":""White""}",92bbf385-057f-49e1-b0b2-22b28c527110,AVAILABLE,"{""2025-06-15T05:57:11Z"":""AVAILABLE""}",2025-06-15 05:57:11.787233+00,2025-06-15 06:38:58.639825+00
6199f86d-8767-4ba5-9475-bb240a121f68,cc03a332-37af-4854-97f8-24424a991994,2723b6e5-194c-43e9-8785-b122f2b2536d,44543,m,2,roll,300,"{""type"":""Thick"",""color"":""White""}",,AVAILABLE,"{""2025-06-15T06:38:58Z"":""AVAILABLE""}",2025-06-15 06:38:58.639825+00,2025-06-15 06:38:58.639825+00
644e0031-73da-4b1e-a081-894f79c3a13a,cc03a332-37af-4854-97f8-24424a991994,2723b6e5-194c-43e9-8785-b122f2b2536d,44543,m,2,roll,300,"{""type"":""Thick"",""color"":""White""}",92bbf385-057f-49e1-b0b2-22b28c527110,AVAILABLE,"{""2025-06-15T05:57:11Z"":""AVAILABLE""}",2025-06-15 05:57:11.787233+00,2025-06-15 06:38:58.639825+00
6512a715-f016-4f44-b3b1-5ead1f693313,cc03a332-37af-4854-97f8-24424a991994,7e394b09-96a6-437d-a89b-504510298c57,213450,in,60,roll,120,"{""color"":""White""}",752661f2-f44f-4741-8f77-9a846d7cda45,AVAILABLE,"{""2025-06-15T05:49:48Z"":""AVAILABLE""}",2025-06-15 05:49:48.426037+00,2025-06-15 10:18:55.786536+00
6546c5d1-3b00-4f23-90da-52e25abc82d0,cc03a332-37af-4854-97f8-24424a991994,7e394b09-96a6-437d-a89b-504510298c57,213450,in,60,roll,120,"{""color"":""White""}",752661f2-f44f-4741-8f77-9a846d7cda45,AVAILABLE,"{""2025-06-15T05:49:48Z"":""AVAILABLE""}",2025-06-15 05:49:48.426037+00,2025-06-15 10:18:41.361196+00
65734354-b276-40d9-94a9-82cea38e4ade,cc03a332-37af-4854-97f8-24424a991994,7e394b09-96a6-437d-a89b-504510298c57,213453,m,1.4,roll,100,"{""color"":""Red""}",72ab0d77-f2b1-455c-9197-304058ff1115,AVAILABLE,"{""2025-06-15T05:49:48Z"":""AVAILABLE""}",2025-06-15 05:49:48.426037+00,2025-06-15 06:54:20.738918+00
660f975c-d9c4-43c3-9b8e-134e74829f09,cc03a332-37af-4854-97f8-24424a991994,2723b6e5-194c-43e9-8785-b122f2b2536d,44543,m,2,roll,250,"{""color"":""White""}",9cd8ef2c-b369-4cb0-9d5b-5a29c0b506a9,AVAILABLE,"{""2025-06-15T05:57:11Z"":""AVAILABLE""}",2025-06-15 05:57:11.787233+00,2025-06-15 08:25:12.005275+00
67d1f8ca-7449-4498-be86-1245a547f360,cc03a332-37af-4854-97f8-24424a991994,9d709bf3-8e1e-457d-815c-828601c73242,43455,m,10,roll,434,{},ffcce8f4-5d0c-49fe-95a1-5cc145107806,AVAILABLE,"{""2025-06-15T09:55:51Z"":""AVAILABLE""}",2025-06-15 09:55:51.917708+00,2025-06-15 09:55:51.917708+00
67da51ca-8b65-4adc-8ac0-fd7ae53a67e8,cc03a332-37af-4854-97f8-24424a991994,2723b6e5-194c-43e9-8785-b122f2b2536d,44543,m,2,roll,300,"{""type"":""Thick"",""color"":""White""}",,AVAILABLE,"{""2025-06-15T06:38:58Z"":""AVAILABLE""}",2025-06-15 06:38:58.639825+00,2025-06-15 10:18:16.525503+00
68f1c02e-1280-4da9-a347-31574eb4c434,cc03a332-37af-4854-97f8-24424a991994,7e394b09-96a6-437d-a89b-504510298c57,213450,cm,150,roll,130,"{""color"":""White""}",3847f8ac-ba55-4d2a-b392-ba03c847fe47,AVAILABLE,"{""2025-06-15T05:49:48Z"":""AVAILABLE""}",2025-06-15 05:49:48.426037+00,2025-06-15 08:10:17.269287+00
691db95a-1b1e-41e7-990c-e31ef3a4772d,cc03a332-37af-4854-97f8-24424a991994,7e394b09-96a6-437d-a89b-504510298c57,213453,m,1.4,roll,100,"{""color"":""Red""}",72ab0d77-f2b1-455c-9197-304058ff1115,AVAILABLE,"{""2025-06-15T05:49:48Z"":""AVAILABLE""}",2025-06-15 05:49:48.426037+00,2025-06-15 05:53:39.484838+00
69eca4f5-649e-44b5-a0c1-95d34b399962,cc03a332-37af-4854-97f8-24424a991994,9d709bf3-8e1e-457d-815c-828601c73242,43455,m,10,roll,434,{},ffcce8f4-5d0c-49fe-95a1-5cc145107806,AVAILABLE,"{""2025-06-15T09:55:51Z"":""AVAILABLE""}",2025-06-15 09:55:51.917708+00,2025-06-15 09:55:51.917708+00
6ae1f4ba-c2da-431b-8b1d-f374e1195cf4,cc03a332-37af-4854-97f8-24424a991994,7e394b09-96a6-437d-a89b-504510298c57,213450,yd,1.7,roll,140,"{""color"":""White""}",245c7c08-1a93-43d5-bcbc-4ce6d49a477e,AVAILABLE,"{""2025-06-15T05:49:48Z"":""AVAILABLE""}",2025-06-15 05:49:48.426037+00,2025-06-15 10:17:57.564097+00
6b168998-9336-4cfe-8753-e17dbf850c51,cc03a332-37af-4854-97f8-24424a991994,7e394b09-96a6-437d-a89b-504510298c57,213453,m,1.4,roll,100,"{""color"":""Red""}",72ab0d77-f2b1-455c-9197-304058ff1115,AVAILABLE,"{""2025-06-15T05:49:48Z"":""AVAILABLE""}",2025-06-15 05:49:48.426037+00,2025-06-15 05:53:39.484838+00
6c9268eb-aa03-4e13-b9e1-e0656e16429e,cc03a332-37af-4854-97f8-24424a991994,7e394b09-96a6-437d-a89b-504510298c57,213450,ft,5,roll,120,"{""color"":""Khaki""}",0e168968-384b-43fa-8be6-c6336002a5cf,AVAILABLE,"{""2025-06-15T05:49:48Z"":""AVAILABLE""}",2025-06-15 05:49:48.426037+00,2025-06-15 05:53:39.484838+00
6f310826-d44b-4bb4-bf99-938bd815b56a,cc03a332-37af-4854-97f8-24424a991994,7e394b09-96a6-437d-a89b-504510298c57,213450,in,60,roll,120,"{""color"":""White""}",752661f2-f44f-4741-8f77-9a846d7cda45,AVAILABLE,"{""2025-06-15T05:49:48Z"":""AVAILABLE""}",2025-06-15 05:49:48.426037+00,2025-06-15 10:19:24.85722+00
70febe14-dc16-4f69-b224-fe20dd85ec9e,cc03a332-37af-4854-97f8-24424a991994,2723b6e5-194c-43e9-8785-b122f2b2536d,44543,m,2,roll,250,"{""color"":""White""}",9cd8ef2c-b369-4cb0-9d5b-5a29c0b506a9,AVAILABLE,"{""2025-06-15T05:57:11Z"":""AVAILABLE""}",2025-06-15 05:57:11.787233+00,2025-06-15 08:25:12.005275+00
71a8221d-e0f6-4833-8a92-158f41203923,cc03a332-37af-4854-97f8-24424a991994,2723b6e5-194c-43e9-8785-b122f2b2536d,44543,m,2,roll,300,"{""type"":""Thick"",""color"":""White""}",92bbf385-057f-49e1-b0b2-22b28c527110,AVAILABLE,"{""2025-06-15T05:57:11Z"":""AVAILABLE""}",2025-06-15 05:57:11.787233+00,2025-06-15 06:38:58.639825+00
764965f8-22a0-40a3-8895-e8f690f60649,cc03a332-37af-4854-97f8-24424a991994,2723b6e5-194c-43e9-8785-b122f2b2536d,44543,m,2,roll,300,"{""type"":""Thick"",""color"":""White""}",92bbf385-057f-49e1-b0b2-22b28c527110,AVAILABLE,"{""2025-06-15T05:57:11Z"":""AVAILABLE""}",2025-06-15 05:57:11.787233+00,2025-06-15 06:38:58.639825+00
768669ed-d518-4867-acc5-fc026d41c2df,cc03a332-37af-4854-97f8-24424a991994,2723b6e5-194c-43e9-8785-b122f2b2536d,44543,m,2,roll,300,"{""type"":""Thick"",""color"":""White""}",92bbf385-057f-49e1-b0b2-22b28c527110,AVAILABLE,"{""2025-06-15T05:57:11Z"":""AVAILABLE""}",2025-06-15 05:57:11.787233+00,2025-06-15 06:38:58.639825+00
7959fa0b-d107-49c7-bd76-f1a3869dc226,cc03a332-37af-4854-97f8-24424a991994,7e394b09-96a6-437d-a89b-504510298c57,213450,in,60,roll,120,"{""color"":""White""}",752661f2-f44f-4741-8f77-9a846d7cda45,AVAILABLE,"{""2025-06-15T05:49:48Z"":""AVAILABLE""}",2025-06-15 05:49:48.426037+00,2025-06-15 10:18:59.881229+00
795afbfa-d90f-45c0-ad78-a18bfe7fc89d,cc03a332-37af-4854-97f8-24424a991994,2723b6e5-194c-43e9-8785-b122f2b2536d,44543,m,2,roll,300,"{""type"":""Thick"",""color"":""White""}",92bbf385-057f-49e1-b0b2-22b28c527110,AVAILABLE,"{""2025-06-15T05:57:11Z"":""AVAILABLE""}",2025-06-15 05:57:11.787233+00,2025-06-15 06:38:58.639825+00
7a218813-cbae-4d7f-bfd6-7ff801b723d8,cc03a332-37af-4854-97f8-24424a991994,9d709bf3-8e1e-457d-815c-828601c73242,43455,m,10,roll,434,{},4bd30b86-02d0-45eb-85d3-3ed70d689373,AVAILABLE,"{""2025-06-15T09:55:51Z"":""AVAILABLE""}",2025-06-15 09:55:51.917708+00,2025-06-15 09:55:51.917708+00
7a37d638-9a89-4967-a85f-9fd1db579f83,cc03a332-37af-4854-97f8-24424a991994,7e394b09-96a6-437d-a89b-504510298c57,213450,cm,150,roll,130,"{""color"":""White""}",3847f8ac-ba55-4d2a-b392-ba03c847fe47,AVAILABLE,"{""2025-06-15T05:49:48Z"":""AVAILABLE""}",2025-06-15 05:49:48.426037+00,2025-06-15 08:10:17.269287+00
7b527b68-aa2e-4226-9197-2ee097344254,cc03a332-37af-4854-97f8-24424a991994,2723b6e5-194c-43e9-8785-b122f2b2536d,44543,m,2,roll,300,"{""type"":""Thick"",""color"":""White""}",92bbf385-057f-49e1-b0b2-22b28c527110,AVAILABLE,"{""2025-06-15T05:57:11Z"":""AVAILABLE""}",2025-06-15 05:57:11.787233+00,2025-06-15 06:38:58.639825+00
7bf3c8c8-1234-4e37-af67-4e7e5dc6d96c,cc03a332-37af-4854-97f8-24424a991994,2723b6e5-194c-43e9-8785-b122f2b2536d,44543,m,2,roll,300,"{""type"":""Thick"",""color"":""White""}",92bbf385-057f-49e1-b0b2-22b28c527110,AVAILABLE,"{""2025-06-15T05:57:11Z"":""AVAILABLE""}",2025-06-15 05:57:11.787233+00,2025-06-15 06:38:58.639825+00
7d686783-151d-4f4b-b1ee-2d9b1cf5b7ad,cc03a332-37af-4854-97f8-24424a991994,2723b6e5-194c-43e9-8785-b122f2b2536d,44543,m,2,roll,250,"{""type"":""Thin"",""color"":""White""}",9cd8ef2c-b369-4cb0-9d5b-5a29c0b506a9,AVAILABLE,"{""2025-06-15T05:57:11Z"":""AVAILABLE""}",2025-06-15 05:57:11.787233+00,2025-06-15 08:25:12.005275+00
7e7258a9-9e4a-4e0f-91b9-ed155a3ea0f3,cc03a332-37af-4854-97f8-24424a991994,2723b6e5-194c-43e9-8785-b122f2b2536d,44543,m,2,roll,300,"{""type"":""Thick"",""color"":""White""}",,AVAILABLE,"{""2025-06-15T06:38:58Z"":""AVAILABLE""}",2025-06-15 06:38:58.639825+00,2025-06-15 10:17:02.475604+00
7ee48dd6-f1c9-473e-bbd6-322fbf53493d,cc03a332-37af-4854-97f8-24424a991994,9d709bf3-8e1e-457d-815c-828601c73242,43455,m,10,roll,434,{},9572fd74-02cd-47f3-b536-b51a4336e5fd,AVAILABLE,"{""2025-06-15T09:55:51Z"":""AVAILABLE""}",2025-06-15 09:55:51.917708+00,2025-06-15 09:55:51.917708+00
7f20e9e5-2459-44f7-ac49-a4848c995c8d,cc03a332-37af-4854-97f8-24424a991994,2723b6e5-194c-43e9-8785-b122f2b2536d,44543,m,2,roll,300,"{""type"":""Thick"",""color"":""White""}",92bbf385-057f-49e1-b0b2-22b28c527110,AVAILABLE,"{""2025-06-15T05:57:11Z"":""AVAILABLE""}",2025-06-15 05:57:11.787233+00,2025-06-15 06:38:58.639825+00
7f78fd55-42cb-423b-a154-e5f65ae9cdf8,cc03a332-37af-4854-97f8-24424a991994,9d709bf3-8e1e-457d-815c-828601c73242,43455,m,10,roll,434,{},17c1d637-1a4a-4b0a-ba22-f2c03bfffa4f,AVAILABLE,"{""2025-06-15T09:55:51Z"":""AVAILABLE""}",2025-06-15 09:55:51.917708+00,2025-06-15 09:55:51.917708+00
8035a255-2a5c-4d39-9388-78d2de21563c,cc03a332-37af-4854-97f8-24424a991994,7e394b09-96a6-437d-a89b-504510298c57,213450,ft,5,roll,120,"{""color"":""Khaki""}",0e168968-384b-43fa-8be6-c6336002a5cf,AVAILABLE,"{""2025-06-15T05:49:48Z"":""AVAILABLE""}",2025-06-15 05:49:48.426037+00,2025-06-15 05:53:39.484838+00
80752f70-62c6-4e1c-a0dc-36b1a091b594,cc03a332-37af-4854-97f8-24424a991994,7e394b09-96a6-437d-a89b-504510298c57,213450,in,60,roll,120,"{""color"":""White""}",752661f2-f44f-4741-8f77-9a846d7cda45,AVAILABLE,"{""2025-06-15T05:49:48Z"":""AVAILABLE""}",2025-06-15 05:49:48.426037+00,2025-06-15 10:19:07.982321+00
80c554b7-4d7a-4a68-801e-4af69a7ec86f,cc03a332-37af-4854-97f8-24424a991994,2723b6e5-194c-43e9-8785-b122f2b2536d,44543,m,2,roll,300,"{""type"":""Thick"",""color"":""White""}",92bbf385-057f-49e1-b0b2-22b28c527110,AVAILABLE,"{""2025-06-15T05:57:11Z"":""AVAILABLE""}",2025-06-15 05:57:11.787233+00,2025-06-15 06:38:58.639825+00
83efdef9-6710-4200-8694-8d92bb7cd3c2,cc03a332-37af-4854-97f8-24424a991994,2723b6e5-194c-43e9-8785-b122f2b2536d,44543,m,2,roll,300,"{""type"":""Thick"",""color"":""White""}",92bbf385-057f-49e1-b0b2-22b28c527110,AVAILABLE,"{""2025-06-15T05:57:11Z"":""AVAILABLE""}",2025-06-15 05:57:11.787233+00,2025-06-15 06:38:58.639825+00
865c3766-d12d-49fb-ba81-1dac142844a6,cc03a332-37af-4854-97f8-24424a991994,7e394b09-96a6-437d-a89b-504510298c57,213450,yd,1.7,roll,140,"{""color"":""White""}",245c7c08-1a93-43d5-bcbc-4ce6d49a477e,AVAILABLE,"{""2025-06-15T05:49:48Z"":""AVAILABLE""}",2025-06-15 05:49:48.426037+00,2025-06-15 07:15:58.829619+00
87a952de-c7e0-4206-a3b2-1eeffb3733c3,cc03a332-37af-4854-97f8-24424a991994,2723b6e5-194c-43e9-8785-b122f2b2536d,44543,m,2,roll,300,"{""type"":""Thick"",""color"":""White""}",92bbf385-057f-49e1-b0b2-22b28c527110,AVAILABLE,"{""2025-06-15T05:57:11Z"":""AVAILABLE""}",2025-06-15 05:57:11.787233+00,2025-06-15 06:38:58.639825+00
87e4dad5-18a8-4b77-b9c3-11f28d2c5455,cc03a332-37af-4854-97f8-24424a991994,2723b6e5-194c-43e9-8785-b122f2b2536d,44543,m,2,roll,250,"{""color"":""White""}",9cd8ef2c-b369-4cb0-9d5b-5a29c0b506a9,AVAILABLE,"{""2025-06-15T05:57:11Z"":""AVAILABLE""}",2025-06-15 05:57:11.787233+00,2025-06-15 08:25:12.005275+00
88ca997c-f05d-4c09-8f02-eee8c8cab4ca,cc03a332-37af-4854-97f8-24424a991994,2723b6e5-194c-43e9-8785-b122f2b2536d,44543,m,2,roll,250,"{""color"":""White""}",9cd8ef2c-b369-4cb0-9d5b-5a29c0b506a9,AVAILABLE,"{""2025-06-15T05:57:11Z"":""AVAILABLE""}",2025-06-15 05:57:11.787233+00,2025-06-15 10:19:32.934063+00
89182f2d-e781-4780-8367-a3f85fa9547f,cc03a332-37af-4854-97f8-24424a991994,9d709bf3-8e1e-457d-815c-828601c73242,43455,m,10,roll,434,{},747eca2c-70fc-406c-bfd7-dd834766acd3,AVAILABLE,"{""2025-06-15T09:55:51Z"":""AVAILABLE""}",2025-06-15 09:55:51.917708+00,2025-06-15 09:55:51.917708+00
89bc9c04-b629-4165-afb3-4cb7c551be49,cc03a332-37af-4854-97f8-24424a991994,7e394b09-96a6-437d-a89b-504510298c57,213450,ft,5,roll,120,"{""color"":""Khaki""}",0e168968-384b-43fa-8be6-c6336002a5cf,AVAILABLE,"{""2025-06-15T05:49:48Z"":""AVAILABLE""}",2025-06-15 05:49:48.426037+00,2025-06-15 05:53:39.484838+00
8a26a071-4cb0-43d6-abe1-39e095406a0b,cc03a332-37af-4854-97f8-24424a991994,7e394b09-96a6-437d-a89b-504510298c57,213450,in,60,roll,120,"{""color"":""White""}",752661f2-f44f-4741-8f77-9a846d7cda45,AVAILABLE,"{""2025-06-15T05:49:48Z"":""AVAILABLE""}",2025-06-15 05:49:48.426037+00,2025-06-15 10:18:53.941901+00
8a7693c7-2045-4187-8c2f-3e0331b523b0,cc03a332-37af-4854-97f8-24424a991994,9d709bf3-8e1e-457d-815c-828601c73242,43455,m,10,roll,434,{},deb77610-f2f1-4075-b0d2-e2932d23c3ee,AVAILABLE,"{""2025-06-15T09:55:51Z"":""AVAILABLE""}",2025-06-15 09:55:51.917708+00,2025-06-15 10:17:02.475604+00
8aa894ed-8409-4c62-bb2c-bcef4814d0c5,cc03a332-37af-4854-97f8-24424a991994,9d709bf3-8e1e-457d-815c-828601c73242,43455,m,10,roll,434,{},4bd30b86-02d0-45eb-85d3-3ed70d689373,AVAILABLE,"{""2025-06-15T09:55:51Z"":""AVAILABLE""}",2025-06-15 09:55:51.917708+00,2025-06-15 09:55:51.917708+00
8b1c78e0-85f9-4d52-95cb-025c6fbb0651,cc03a332-37af-4854-97f8-24424a991994,7e394b09-96a6-437d-a89b-504510298c57,213450,yd,1.7,roll,140,"{""color"":""White""}",245c7c08-1a93-43d5-bcbc-4ce6d49a477e,AVAILABLE,"{""2025-06-15T05:49:48Z"":""AVAILABLE""}",2025-06-15 05:49:48.426037+00,2025-06-15 07:15:58.829619+00
8b3fe050-826b-46c9-a990-f920d98fc06d,cc03a332-37af-4854-97f8-24424a991994,2723b6e5-194c-43e9-8785-b122f2b2536d,44543,m,2,roll,300,"{""type"":""Thick"",""color"":""White""}",92bbf385-057f-49e1-b0b2-22b28c527110,AVAILABLE,"{""2025-06-15T05:57:11Z"":""AVAILABLE""}",2025-06-15 05:57:11.787233+00,2025-06-15 06:38:58.639825+00
8bd19dc1-d763-4e32-bf13-60fcbe22951f,cc03a332-37af-4854-97f8-24424a991994,9d709bf3-8e1e-457d-815c-828601c73242,43455,m,10,roll,434,{},747eca2c-70fc-406c-bfd7-dd834766acd3,AVAILABLE,"{""2025-06-15T09:55:51Z"":""AVAILABLE""}",2025-06-15 09:55:51.917708+00,2025-06-15 09:55:51.917708+00
8c203638-b71e-4b1c-8a61-c5d3487d2b12,cc03a332-37af-4854-97f8-24424a991994,2723b6e5-194c-43e9-8785-b122f2b2536d,44543,m,2,roll,300,"{""type"":""Thick"",""color"":""White""}",,AVAILABLE,"{""2025-06-15T06:38:58Z"":""AVAILABLE""}",2025-06-15 06:38:58.639825+00,2025-06-15 10:18:20.987155+00
8cea57a9-26e3-40dd-bf27-f152a487406e,cc03a332-37af-4854-97f8-24424a991994,2723b6e5-194c-43e9-8785-b122f2b2536d,44543,m,2,roll,300,"{""type"":""Thick"",""color"":""White""}",92bbf385-057f-49e1-b0b2-22b28c527110,AVAILABLE,"{""2025-06-15T05:57:11Z"":""AVAILABLE""}",2025-06-15 05:57:11.787233+00,2025-06-15 06:38:58.639825+00
8e696495-6d2e-4bf4-a18a-d944c6509a54,cc03a332-37af-4854-97f8-24424a991994,7e394b09-96a6-437d-a89b-504510298c57,213453,m,1.4,roll,100,"{""color"":""Red""}",72ab0d77-f2b1-455c-9197-304058ff1115,AVAILABLE,"{""2025-06-15T05:49:48Z"":""AVAILABLE""}",2025-06-15 05:49:48.426037+00,2025-06-15 05:53:39.484838+00
8f001cf1-4320-43b9-99cf-7ac19fec0344,cc03a332-37af-4854-97f8-24424a991994,7e394b09-96a6-437d-a89b-504510298c57,213453,m,1.4,roll,100,"{""color"":""Red""}",72ab0d77-f2b1-455c-9197-304058ff1115,AVAILABLE,"{""2025-06-15T05:49:48Z"":""AVAILABLE""}",2025-06-15 05:49:48.426037+00,2025-06-15 05:53:39.484838+00
8ff0f548-bc07-4402-99a6-9d5a4a15ac22,cc03a332-37af-4854-97f8-24424a991994,2723b6e5-194c-43e9-8785-b122f2b2536d,44543,m,2,roll,250,"{""color"":""White""}",9cd8ef2c-b369-4cb0-9d5b-5a29c0b506a9,AVAILABLE,"{""2025-06-15T05:57:11Z"":""AVAILABLE""}",2025-06-15 05:57:11.787233+00,2025-06-15 08:25:12.005275+00
913e61e3-fafe-4b8b-bce4-bbcb64d7301f,cc03a332-37af-4854-97f8-24424a991994,7e394b09-96a6-437d-a89b-504510298c57,213450,ft,5,roll,120,"{""color"":""Khaki""}",0e168968-384b-43fa-8be6-c6336002a5cf,AVAILABLE,"{""2025-06-15T05:49:48Z"":""AVAILABLE""}",2025-06-15 05:49:48.426037+00,2025-06-15 05:53:39.484838+00
9350cab0-0930-437f-b297-7b5c483212a4,cc03a332-37af-4854-97f8-24424a991994,7e394b09-96a6-437d-a89b-504510298c57,213450,in,60,roll,120,"{""color"":""White""}",752661f2-f44f-4741-8f77-9a846d7cda45,AVAILABLE,"{""2025-06-15T05:49:48Z"":""AVAILABLE""}",2025-06-15 05:49:48.426037+00,2025-06-15 10:19:02.195558+00
9433ecbd-b091-4cef-a971-355ac4a402ce,cc03a332-37af-4854-97f8-24424a991994,2723b6e5-194c-43e9-8785-b122f2b2536d,44543,m,2,roll,250,"{""color"":""White""}",9cd8ef2c-b369-4cb0-9d5b-5a29c0b506a9,AVAILABLE,"{""2025-06-15T05:57:11Z"":""AVAILABLE""}",2025-06-15 05:57:11.787233+00,2025-06-15 08:25:12.005275+00
944c0b28-23da-4529-85ae-9830b482f526,cc03a332-37af-4854-97f8-24424a991994,2723b6e5-194c-43e9-8785-b122f2b2536d,44543,m,2,roll,300,"{""type"":""Thick"",""color"":""White""}",92bbf385-057f-49e1-b0b2-22b28c527110,AVAILABLE,"{""2025-06-15T05:57:11Z"":""AVAILABLE""}",2025-06-15 05:57:11.787233+00,2025-06-15 06:38:58.639825+00
962d207b-7ab9-4d6b-884d-518c33472a0b,cc03a332-37af-4854-97f8-24424a991994,2723b6e5-194c-43e9-8785-b122f2b2536d,44543,m,2,roll,300,"{""type"":""Thick"",""color"":""White""}",92bbf385-057f-49e1-b0b2-22b28c527110,AVAILABLE,"{""2025-06-15T05:57:11Z"":""AVAILABLE""}",2025-06-15 05:57:11.787233+00,2025-06-15 06:38:58.639825+00
97d7e258-33cf-49f4-842c-63e9e62cd8e9,cc03a332-37af-4854-97f8-24424a991994,2723b6e5-194c-43e9-8785-b122f2b2536d,44543,m,2,roll,250,"{""color"":""White""}",9cd8ef2c-b369-4cb0-9d5b-5a29c0b506a9,AVAILABLE,"{""2025-06-15T05:57:11Z"":""AVAILABLE""}",2025-06-15 05:57:11.787233+00,2025-06-15 08:25:12.005275+00
98a8d500-aaba-41b1-aa84-eadfaf7345cb,cc03a332-37af-4854-97f8-24424a991994,7e394b09-96a6-437d-a89b-504510298c57,213450,yd,1.7,roll,140,"{""color"":""White""}",245c7c08-1a93-43d5-bcbc-4ce6d49a477e,AVAILABLE,"{""2025-06-15T05:49:48Z"":""AVAILABLE""}",2025-06-15 05:49:48.426037+00,2025-06-15 07:15:58.829619+00
9a1c2f8c-0a3a-4958-aa1b-760592c58baf,cc03a332-37af-4854-97f8-24424a991994,2723b6e5-194c-43e9-8785-b122f2b2536d,44543,m,2,roll,250,"{""color"":""White""}",9cd8ef2c-b369-4cb0-9d5b-5a29c0b506a9,AVAILABLE,"{""2025-06-15T05:57:11Z"":""AVAILABLE""}",2025-06-15 05:57:11.787233+00,2025-06-15 08:25:12.005275+00
9a60306d-3cbd-4921-ae87-54e03dd01e39,cc03a332-37af-4854-97f8-24424a991994,7e394b09-96a6-437d-a89b-504510298c57,213450,yd,1.7,roll,140,"{""color"":""White""}",245c7c08-1a93-43d5-bcbc-4ce6d49a477e,AVAILABLE,"{""2025-06-15T05:49:48Z"":""AVAILABLE""}",2025-06-15 05:49:48.426037+00,2025-06-15 07:15:58.829619+00
9ce6a800-778a-41fe-a790-4e97fc4c3a1c,cc03a332-37af-4854-97f8-24424a991994,7e394b09-96a6-437d-a89b-504510298c57,213450,ft,5,roll,120,"{""color"":""Khaki""}",0e168968-384b-43fa-8be6-c6336002a5cf,AVAILABLE,"{""2025-06-15T05:49:48Z"":""AVAILABLE""}",2025-06-15 05:49:48.426037+00,2025-06-15 05:53:39.484838+00
9d42efcb-8356-4d83-9367-e6e480a831f6,cc03a332-37af-4854-97f8-24424a991994,2723b6e5-194c-43e9-8785-b122f2b2536d,44543,m,2,roll,300,"{""type"":""Thick"",""color"":""White""}",,AVAILABLE,"{""2025-06-15T06:38:58Z"":""AVAILABLE""}",2025-06-15 06:38:58.639825+00,2025-06-15 06:38:58.639825+00
9da342b2-ee39-436f-8d34-b1c7285e520f,cc03a332-37af-4854-97f8-24424a991994,2723b6e5-194c-43e9-8785-b122f2b2536d,44543,m,2,roll,300,"{""type"":""Thick"",""color"":""White""}",92bbf385-057f-49e1-b0b2-22b28c527110,AVAILABLE,"{""2025-06-15T05:57:11Z"":""AVAILABLE""}",2025-06-15 05:57:11.787233+00,2025-06-15 06:38:58.639825+00
9e8aac1b-d2ae-40af-b617-47ca4d77fa3a,cc03a332-37af-4854-97f8-24424a991994,2723b6e5-194c-43e9-8785-b122f2b2536d,44543,m,2,roll,300,"{""type"":""Thick"",""color"":""White""}",92bbf385-057f-49e1-b0b2-22b28c527110,AVAILABLE,"{""2025-06-15T05:57:11Z"":""AVAILABLE""}",2025-06-15 05:57:11.787233+00,2025-06-15 06:38:58.639825+00
9ea08c60-e670-4d6b-8d66-6768251194af,cc03a332-37af-4854-97f8-24424a991994,2723b6e5-194c-43e9-8785-b122f2b2536d,44543,m,2,roll,300,"{""type"":""Thick"",""color"":""White""}",92bbf385-057f-49e1-b0b2-22b28c527110,AVAILABLE,"{""2025-06-15T05:57:11Z"":""AVAILABLE""}",2025-06-15 05:57:11.787233+00,2025-06-15 06:38:58.639825+00
9ee9892b-1566-4d96-944d-38b03cd5f278,cc03a332-37af-4854-97f8-24424a991994,7e394b09-96a6-437d-a89b-504510298c57,213450,yd,1.7,roll,140,"{""color"":""White""}",245c7c08-1a93-43d5-bcbc-4ce6d49a477e,AVAILABLE,"{""2025-06-15T05:49:48Z"":""AVAILABLE""}",2025-06-15 05:49:48.426037+00,2025-06-15 07:15:58.829619+00
9f33b1ca-ac93-43c4-b350-745644d2391e,cc03a332-37af-4854-97f8-24424a991994,2723b6e5-194c-43e9-8785-b122f2b2536d,44543,m,2,roll,300,"{""type"":""Thick"",""color"":""White""}",92bbf385-057f-49e1-b0b2-22b28c527110,AVAILABLE,"{""2025-06-15T05:57:11Z"":""AVAILABLE""}",2025-06-15 05:57:11.787233+00,2025-06-15 06:38:58.639825+00
9fb3c55b-d7d8-4b33-abf9-31543e41fa8a,cc03a332-37af-4854-97f8-24424a991994,7e394b09-96a6-437d-a89b-504510298c57,213450,yd,1.7,roll,140,"{""color"":""White""}",245c7c08-1a93-43d5-bcbc-4ce6d49a477e,AVAILABLE,"{""2025-06-15T05:49:48Z"":""AVAILABLE""}",2025-06-15 05:49:48.426037+00,2025-06-15 07:15:58.829619+00
a477e600-65ea-4ec3-aa62-9ac7c40a24a7,cc03a332-37af-4854-97f8-24424a991994,7e394b09-96a6-437d-a89b-504510298c57,213450,ft,5,roll,120,"{""color"":""Khaki""}",0e168968-384b-43fa-8be6-c6336002a5cf,AVAILABLE,"{""2025-06-15T05:49:48Z"":""AVAILABLE""}",2025-06-15 05:49:48.426037+00,2025-06-15 05:53:39.484838+00
a51c3706-eafd-411a-920a-72c8158dce95,cc03a332-37af-4854-97f8-24424a991994,2723b6e5-194c-43e9-8785-b122f2b2536d,44543,m,2,roll,300,"{""type"":""Thick"",""color"":""White""}",92bbf385-057f-49e1-b0b2-22b28c527110,AVAILABLE,"{""2025-06-15T05:57:11Z"":""AVAILABLE""}",2025-06-15 05:57:11.787233+00,2025-06-15 06:38:58.639825+00
a622126f-9645-4e20-b9c6-0fa1f9bdbbb6,cc03a332-37af-4854-97f8-24424a991994,7e394b09-96a6-437d-a89b-504510298c57,213453,m,1.4,roll,100,"{""color"":""Red""}",72ab0d77-f2b1-455c-9197-304058ff1115,AVAILABLE,"{""2025-06-15T05:49:48Z"":""AVAILABLE""}",2025-06-15 05:49:48.426037+00,2025-06-15 05:53:39.484838+00
a7f064bd-ad6e-4682-bb5d-287658c0f354,cc03a332-37af-4854-97f8-24424a991994,7e394b09-96a6-437d-a89b-504510298c57,213450,yd,1.7,roll,140,"{""color"":""White""}",245c7c08-1a93-43d5-bcbc-4ce6d49a477e,AVAILABLE,"{""2025-06-15T05:49:48Z"":""AVAILABLE""}",2025-06-15 05:49:48.426037+00,2025-06-15 07:15:58.829619+00
aa078cba-d742-40f6-b895-f41e8906ee74,cc03a332-37af-4854-97f8-24424a991994,2723b6e5-194c-43e9-8785-b122f2b2536d,44543,m,2,roll,250,"{""color"":""White""}",9cd8ef2c-b369-4cb0-9d5b-5a29c0b506a9,AVAILABLE,"{""2025-06-15T05:57:11Z"":""AVAILABLE""}",2025-06-15 05:57:11.787233+00,2025-06-15 08:25:12.005275+00
aa38ad3a-ca6f-4e00-9d41-78868df6ebb9,cc03a332-37af-4854-97f8-24424a991994,2723b6e5-194c-43e9-8785-b122f2b2536d,44543,m,2,roll,300,"{""type"":""Thick"",""color"":""White""}",92bbf385-057f-49e1-b0b2-22b28c527110,AVAILABLE,"{""2025-06-15T05:57:11Z"":""AVAILABLE""}",2025-06-15 05:57:11.787233+00,2025-06-15 06:38:58.639825+00
aab3b15f-30cf-490a-ae7b-0ffcfbbebf25,cc03a332-37af-4854-97f8-24424a991994,7e394b09-96a6-437d-a89b-504510298c57,213450,in,60,roll,120,"{""color"":""White""}",752661f2-f44f-4741-8f77-9a846d7cda45,AVAILABLE,"{""2025-06-15T05:49:48Z"":""AVAILABLE""}",2025-06-15 05:49:48.426037+00,2025-06-15 10:19:10.246817+00
aabacd17-f774-4341-911a-25d5cee16b56,cc03a332-37af-4854-97f8-24424a991994,7e394b09-96a6-437d-a89b-504510298c57,213453,m,1.4,roll,100,"{""color"":""Red""}",72ab0d77-f2b1-455c-9197-304058ff1115,AVAILABLE,"{""2025-06-15T05:49:48Z"":""AVAILABLE""}",2025-06-15 05:49:48.426037+00,2025-06-15 05:53:39.484838+00
ace6c82a-52f9-4eb0-94fd-aa28019d4474,cc03a332-37af-4854-97f8-24424a991994,2723b6e5-194c-43e9-8785-b122f2b2536d,44543,m,2,roll,250,"{""color"":""White""}",9cd8ef2c-b369-4cb0-9d5b-5a29c0b506a9,AVAILABLE,"{""2025-06-15T05:57:11Z"":""AVAILABLE""}",2025-06-15 05:57:11.787233+00,2025-06-15 10:19:27.436859+00
ad09a18f-a72c-4641-b950-82794a5241b8,cc03a332-37af-4854-97f8-24424a991994,2723b6e5-194c-43e9-8785-b122f2b2536d,44543,m,2,roll,300,"{""type"":""Thick"",""color"":""White""}",92bbf385-057f-49e1-b0b2-22b28c527110,AVAILABLE,"{""2025-06-15T05:57:11Z"":""AVAILABLE""}",2025-06-15 05:57:11.787233+00,2025-06-15 06:38:58.639825+00
ad70dbe2-c1d0-4657-9e4c-60b5cb3787a0,cc03a332-37af-4854-97f8-24424a991994,2723b6e5-194c-43e9-8785-b122f2b2536d,44543,m,2,roll,300,"{""type"":""Thick"",""color"":""White""}",92bbf385-057f-49e1-b0b2-22b28c527110,AVAILABLE,"{""2025-06-15T05:57:11Z"":""AVAILABLE""}",2025-06-15 05:57:11.787233+00,2025-06-15 06:38:58.639825+00
ada481c2-849b-4c41-8470-9c636a80bffd,cc03a332-37af-4854-97f8-24424a991994,7e394b09-96a6-437d-a89b-504510298c57,213450,cm,150,roll,130,"{""color"":""White""}",3847f8ac-ba55-4d2a-b392-ba03c847fe47,AVAILABLE,"{""2025-06-15T05:49:48Z"":""AVAILABLE""}",2025-06-15 05:49:48.426037+00,2025-06-15 08:10:17.269287+00
ae67485a-6181-4c97-bcbf-824f9b990a83,cc03a332-37af-4854-97f8-24424a991994,2723b6e5-194c-43e9-8785-b122f2b2536d,44543,m,2,roll,300,"{""type"":""Thick"",""color"":""White""}",92bbf385-057f-49e1-b0b2-22b28c527110,AVAILABLE,"{""2025-06-15T05:57:11Z"":""AVAILABLE""}",2025-06-15 05:57:11.787233+00,2025-06-15 06:38:58.639825+00
ae85960d-6705-4960-9e79-3aa439ca85ac,cc03a332-37af-4854-97f8-24424a991994,2723b6e5-194c-43e9-8785-b122f2b2536d,44543,m,2,roll,300,"{""type"":""Thick"",""color"":""White""}",92bbf385-057f-49e1-b0b2-22b28c527110,AVAILABLE,"{""2025-06-15T05:57:11Z"":""AVAILABLE""}",2025-06-15 05:57:11.787233+00,2025-06-15 06:38:58.639825+00
af784509-bb4c-4751-94c2-bfa78e140f03,cc03a332-37af-4854-97f8-24424a991994,7e394b09-96a6-437d-a89b-504510298c57,213450,yd,1.7,roll,140,"{""color"":""White""}",245c7c08-1a93-43d5-bcbc-4ce6d49a477e,AVAILABLE,"{""2025-06-15T05:49:48Z"":""AVAILABLE""}",2025-06-15 05:49:48.426037+00,2025-06-15 07:15:58.829619+00
b083f6ea-32f5-452a-8737-161107717c7c,cc03a332-37af-4854-97f8-24424a991994,9d709bf3-8e1e-457d-815c-828601c73242,43455,m,10,roll,434,{},747eca2c-70fc-406c-bfd7-dd834766acd3,AVAILABLE,"{""2025-06-15T09:55:51Z"":""AVAILABLE""}",2025-06-15 09:55:51.917708+00,2025-06-15 09:55:51.917708+00
b2d6dc86-6b04-4093-9ada-39622735f219,cc03a332-37af-4854-97f8-24424a991994,7e394b09-96a6-437d-a89b-504510298c57,213450,in,60,roll,120,"{""color"":""White""}",752661f2-f44f-4741-8f77-9a846d7cda45,AVAILABLE,"{""2025-06-15T05:49:48Z"":""AVAILABLE""}",2025-06-15 05:49:48.426037+00,2025-06-15 10:18:42.929069+00
b5699a95-0a28-4157-bd1e-7c8a63fdfc3d,cc03a332-37af-4854-97f8-24424a991994,2723b6e5-194c-43e9-8785-b122f2b2536d,44543,m,2,roll,300,"{""type"":""Thick"",""color"":""White""}",92bbf385-057f-49e1-b0b2-22b28c527110,AVAILABLE,"{""2025-06-15T05:57:11Z"":""AVAILABLE""}",2025-06-15 05:57:11.787233+00,2025-06-15 06:38:58.639825+00
b6940aa5-7cee-4b87-85ea-e583a232bdec,cc03a332-37af-4854-97f8-24424a991994,7e394b09-96a6-437d-a89b-504510298c57,213453,m,1.4,roll,100,"{""color"":""Red""}",72ab0d77-f2b1-455c-9197-304058ff1115,AVAILABLE,"{""2025-06-15T05:49:48Z"":""AVAILABLE""}",2025-06-15 05:49:48.426037+00,2025-06-15 06:54:20.738918+00
b741552e-988c-441b-9ed9-58324dd5fddf,cc03a332-37af-4854-97f8-24424a991994,2723b6e5-194c-43e9-8785-b122f2b2536d,44543,m,2,roll,300,"{""type"":""Thick"",""color"":""White""}",92bbf385-057f-49e1-b0b2-22b28c527110,AVAILABLE,"{""2025-06-15T05:57:11Z"":""AVAILABLE""}",2025-06-15 05:57:11.787233+00,2025-06-15 06:38:58.639825+00
b978b404-153b-4c32-a20a-c74aba4049ee,cc03a332-37af-4854-97f8-24424a991994,7e394b09-96a6-437d-a89b-504510298c57,213453,m,1.4,roll,100,"{""color"":""Red""}",72ab0d77-f2b1-455c-9197-304058ff1115,AVAILABLE,"{""2025-06-15T05:49:48Z"":""AVAILABLE""}",2025-06-15 05:49:48.426037+00,2025-06-15 06:54:20.738918+00
ba84d4f9-9bff-4363-bbf4-0500386c0478,cc03a332-37af-4854-97f8-24424a991994,9d709bf3-8e1e-457d-815c-828601c73242,43455,m,10,roll,434,{},4bd30b86-02d0-45eb-85d3-3ed70d689373,AVAILABLE,"{""2025-06-15T09:55:51Z"":""AVAILABLE""}",2025-06-15 09:55:51.917708+00,2025-06-15 09:55:51.917708+00
bc671f16-6522-4f36-83c5-b29cb24b8b4b,cc03a332-37af-4854-97f8-24424a991994,9d709bf3-8e1e-457d-815c-828601c73242,43455,m,10,roll,434,{},9572fd74-02cd-47f3-b536-b51a4336e5fd,AVAILABLE,"{""2025-06-15T09:55:51Z"":""AVAILABLE""}",2025-06-15 09:55:51.917708+00,2025-06-15 09:55:51.917708+00
bddb5623-7cd5-4cdc-b145-eaa4c476dd88,cc03a332-37af-4854-97f8-24424a991994,2723b6e5-194c-43e9-8785-b122f2b2536d,44543,m,2,roll,300,"{""type"":""Thick"",""color"":""White""}",92bbf385-057f-49e1-b0b2-22b28c527110,AVAILABLE,"{""2025-06-15T05:57:11Z"":""AVAILABLE""}",2025-06-15 05:57:11.787233+00,2025-06-15 06:38:58.639825+00
be74d5a9-c84e-439e-98da-18ebdcb2a47e,cc03a332-37af-4854-97f8-24424a991994,2723b6e5-194c-43e9-8785-b122f2b2536d,44543,m,2,roll,300,"{""type"":""Thick"",""color"":""White""}",92bbf385-057f-49e1-b0b2-22b28c527110,AVAILABLE,"{""2025-06-15T05:57:11Z"":""AVAILABLE""}",2025-06-15 05:57:11.787233+00,2025-06-15 06:38:58.639825+00
bec629c5-81f9-494f-9fba-83480322e64e,cc03a332-37af-4854-97f8-24424a991994,2723b6e5-194c-43e9-8785-b122f2b2536d,44543,m,2,roll,300,"{""type"":""Thick"",""color"":""White""}",92bbf385-057f-49e1-b0b2-22b28c527110,AVAILABLE,"{""2025-06-15T05:57:11Z"":""AVAILABLE""}",2025-06-15 05:57:11.787233+00,2025-06-15 06:38:58.639825+00
bf4011ae-19b1-4949-9316-fa676f7151c0,cc03a332-37af-4854-97f8-24424a991994,7e394b09-96a6-437d-a89b-504510298c57,213450,in,60,roll,120,"{""color"":""Black""}",752661f2-f44f-4741-8f77-9a846d7cda45,AVAILABLE,"{""2025-06-15T05:49:48Z"":""AVAILABLE""}",2025-06-15 05:49:48.426037+00,2025-06-15 10:18:46.881252+00
c0b56bc0-3589-4420-9ada-5f72fd5e9c78,cc03a332-37af-4854-97f8-24424a991994,7e394b09-96a6-437d-a89b-504510298c57,213450,cm,150,roll,130,"{""color"":""White""}",3847f8ac-ba55-4d2a-b392-ba03c847fe47,AVAILABLE,"{""2025-06-15T05:49:48Z"":""AVAILABLE""}",2025-06-15 05:49:48.426037+00,2025-06-15 08:10:17.269287+00
c0d45d23-adb6-40e6-9102-c7078a1b58c8,cc03a332-37af-4854-97f8-24424a991994,2723b6e5-194c-43e9-8785-b122f2b2536d,44543,m,2,roll,250,"{""color"":""White""}",9cd8ef2c-b369-4cb0-9d5b-5a29c0b506a9,AVAILABLE,"{""2025-06-15T05:57:11Z"":""AVAILABLE""}",2025-06-15 05:57:11.787233+00,2025-06-15 08:25:12.005275+00
c10b5187-6661-4663-90db-ee26f14ea392,cc03a332-37af-4854-97f8-24424a991994,9d709bf3-8e1e-457d-815c-828601c73242,43455,m,10,roll,434,{},deb77610-f2f1-4075-b0d2-e2932d23c3ee,AVAILABLE,"{""2025-06-15T09:55:51Z"":""AVAILABLE""}",2025-06-15 09:55:51.917708+00,2025-06-15 10:17:02.475604+00
c3e992dd-ed45-4327-8cc9-748989ef396e,cc03a332-37af-4854-97f8-24424a991994,7e394b09-96a6-437d-a89b-504510298c57,213450,in,60,roll,120,"{""color"":""White""}",752661f2-f44f-4741-8f77-9a846d7cda45,AVAILABLE,"{""2025-06-15T05:49:48Z"":""AVAILABLE""}",2025-06-15 05:49:48.426037+00,2025-06-15 10:18:44.926043+00
c6a3a137-02a7-46ab-9188-4477f58b2cc4,cc03a332-37af-4854-97f8-24424a991994,7e394b09-96a6-437d-a89b-504510298c57,213450,cm,150,roll,130,"{""color"":""White""}",3847f8ac-ba55-4d2a-b392-ba03c847fe47,AVAILABLE,"{""2025-06-15T05:49:48Z"":""AVAILABLE""}",2025-06-15 05:49:48.426037+00,2025-06-15 08:10:17.269287+00
c79be0ff-c846-4637-9109-405a06ab112b,cc03a332-37af-4854-97f8-24424a991994,7e394b09-96a6-437d-a89b-504510298c57,213450,yd,1.7,roll,140,"{""color"":""White""}",245c7c08-1a93-43d5-bcbc-4ce6d49a477e,AVAILABLE,"{""2025-06-15T05:49:48Z"":""AVAILABLE""}",2025-06-15 05:49:48.426037+00,2025-06-15 07:15:58.829619+00
c8014349-44bc-45f1-b7e9-e203096a1e74,cc03a332-37af-4854-97f8-24424a991994,2723b6e5-194c-43e9-8785-b122f2b2536d,44543,m,2,roll,300,"{""type"":""Thick"",""color"":""White""}",92bbf385-057f-49e1-b0b2-22b28c527110,AVAILABLE,"{""2025-06-15T05:57:11Z"":""AVAILABLE""}",2025-06-15 05:57:11.787233+00,2025-06-15 06:38:58.639825+00
ca7124f9-2f1a-48cb-8f0d-36859c884d21,cc03a332-37af-4854-97f8-24424a991994,7e394b09-96a6-437d-a89b-504510298c57,213450,cm,150,roll,130,"{""color"":""White""}",3847f8ac-ba55-4d2a-b392-ba03c847fe47,AVAILABLE,"{""2025-06-15T05:49:48Z"":""AVAILABLE""}",2025-06-15 05:49:48.426037+00,2025-06-15 08:10:17.269287+00
ca892990-c788-49ec-86ec-49bee2b506d9,cc03a332-37af-4854-97f8-24424a991994,2723b6e5-194c-43e9-8785-b122f2b2536d,44543,m,2,roll,250,"{""color"":""White""}",9cd8ef2c-b369-4cb0-9d5b-5a29c0b506a9,AVAILABLE,"{""2025-06-15T05:57:11Z"":""AVAILABLE""}",2025-06-15 05:57:11.787233+00,2025-06-15 08:25:12.005275+00
cb44c010-e7dd-4901-a211-c67639e936cc,cc03a332-37af-4854-97f8-24424a991994,2723b6e5-194c-43e9-8785-b122f2b2536d,44543,m,2,roll,300,"{""type"":""Thick"",""color"":""White""}",,AVAILABLE,"{""2025-06-15T06:38:58Z"":""AVAILABLE""}",2025-06-15 06:38:58.639825+00,2025-06-15 10:18:17.867438+00
cc6e5634-c41f-431a-8c06-ebf840d0bccb,cc03a332-37af-4854-97f8-24424a991994,2723b6e5-194c-43e9-8785-b122f2b2536d,44543,m,2,roll,300,"{""type"":""Thick"",""color"":""White""}",92bbf385-057f-49e1-b0b2-22b28c527110,AVAILABLE,"{""2025-06-15T05:57:11Z"":""AVAILABLE""}",2025-06-15 05:57:11.787233+00,2025-06-15 06:38:58.639825+00
cd2dca4a-e62a-4afa-b6af-bd41e0a8ed21,cc03a332-37af-4854-97f8-24424a991994,7e394b09-96a6-437d-a89b-504510298c57,213453,m,1.4,roll,100,"{""color"":""Red""}",72ab0d77-f2b1-455c-9197-304058ff1115,AVAILABLE,"{""2025-06-15T05:49:48Z"":""AVAILABLE""}",2025-06-15 05:49:48.426037+00,2025-06-15 05:53:39.484838+00
cfde265b-ad37-487b-997a-23badaa39a52,cc03a332-37af-4854-97f8-24424a991994,2723b6e5-194c-43e9-8785-b122f2b2536d,44543,m,2,roll,300,"{""type"":""Thick"",""color"":""White""}",92bbf385-057f-49e1-b0b2-22b28c527110,AVAILABLE,"{""2025-06-15T05:57:11Z"":""AVAILABLE""}",2025-06-15 05:57:11.787233+00,2025-06-15 06:38:58.639825+00
d17ec162-772f-4c3d-9710-8f0853b5eed4,cc03a332-37af-4854-97f8-24424a991994,7e394b09-96a6-437d-a89b-504510298c57,213450,ft,5,roll,120,"{""color"":""Khaki""}",0e168968-384b-43fa-8be6-c6336002a5cf,AVAILABLE,"{""2025-06-15T05:49:48Z"":""AVAILABLE""}",2025-06-15 05:49:48.426037+00,2025-06-15 05:53:39.484838+00
d4d50647-4052-4da6-87a0-7baacc2fe221,cc03a332-37af-4854-97f8-24424a991994,7e394b09-96a6-437d-a89b-504510298c57,213450,ft,5,roll,120,"{""color"":""Khaki""}",0e168968-384b-43fa-8be6-c6336002a5cf,AVAILABLE,"{""2025-06-15T05:49:48Z"":""AVAILABLE""}",2025-06-15 05:49:48.426037+00,2025-06-15 05:53:39.484838+00
d5afaca2-8cb9-45b1-9f21-fa4a3f63e058,cc03a332-37af-4854-97f8-24424a991994,2723b6e5-194c-43e9-8785-b122f2b2536d,44543,m,2,roll,250,"{""color"":""White""}",9cd8ef2c-b369-4cb0-9d5b-5a29c0b506a9,AVAILABLE,"{""2025-06-15T05:57:11Z"":""AVAILABLE""}",2025-06-15 05:57:11.787233+00,2025-06-15 08:25:12.005275+00
d7c01fc1-f36b-491c-82f9-ac9c13f9da20,cc03a332-37af-4854-97f8-24424a991994,7e394b09-96a6-437d-a89b-504510298c57,213450,cm,150,roll,130,"{""color"":""White""}",3847f8ac-ba55-4d2a-b392-ba03c847fe47,AVAILABLE,"{""2025-06-15T05:49:48Z"":""AVAILABLE""}",2025-06-15 05:49:48.426037+00,2025-06-15 08:10:17.269287+00
d880dfa2-8a24-4453-b457-bc278d2986fe,cc03a332-37af-4854-97f8-24424a991994,2723b6e5-194c-43e9-8785-b122f2b2536d,44543,m,2,roll,300,"{""type"":""Thick"",""color"":""White""}",,AVAILABLE,"{""2025-06-15T06:38:58Z"":""AVAILABLE""}",2025-06-15 06:38:58.639825+00,2025-06-15 10:17:02.475604+00
dcd3848d-5c56-4a26-bf45-78f11a52ab8f,cc03a332-37af-4854-97f8-24424a991994,9d709bf3-8e1e-457d-815c-828601c73242,43455,m,10,roll,434,{},17c1d637-1a4a-4b0a-ba22-f2c03bfffa4f,AVAILABLE,"{""2025-06-15T09:55:51Z"":""AVAILABLE""}",2025-06-15 09:55:51.917708+00,2025-06-15 09:55:51.917708+00
dd4704d8-83aa-48c5-9e3c-0ce53a9f8327,cc03a332-37af-4854-97f8-24424a991994,7e394b09-96a6-437d-a89b-504510298c57,213450,cm,150,roll,130,"{""color"":""White""}",3847f8ac-ba55-4d2a-b392-ba03c847fe47,AVAILABLE,"{""2025-06-15T05:49:48Z"":""AVAILABLE""}",2025-06-15 05:49:48.426037+00,2025-06-15 08:10:17.269287+00
de1d5ff0-0bff-4bf0-9368-7f0ff8ced896,cc03a332-37af-4854-97f8-24424a991994,2723b6e5-194c-43e9-8785-b122f2b2536d,44543,m,2,roll,250,"{""color"":""White""}",9cd8ef2c-b369-4cb0-9d5b-5a29c0b506a9,AVAILABLE,"{""2025-06-15T05:57:11Z"":""AVAILABLE""}",2025-06-15 05:57:11.787233+00,2025-06-15 08:25:12.005275+00
e09306c8-cb2e-417c-a3c5-6c1eb8c93936,cc03a332-37af-4854-97f8-24424a991994,7e394b09-96a6-437d-a89b-504510298c57,213450,yd,1.7,roll,140,"{""color"":""White""}",245c7c08-1a93-43d5-bcbc-4ce6d49a477e,AVAILABLE,"{""2025-06-15T05:49:48Z"":""AVAILABLE""}",2025-06-15 05:49:48.426037+00,2025-06-15 07:15:58.829619+00
e1c9d10a-694d-4f26-9306-55c6ac43b63e,cc03a332-37af-4854-97f8-24424a991994,2723b6e5-194c-43e9-8785-b122f2b2536d,44543,m,2,roll,250,"{""color"":""White""}",9cd8ef2c-b369-4cb0-9d5b-5a29c0b506a9,AVAILABLE,"{""2025-06-15T05:57:11Z"":""AVAILABLE""}",2025-06-15 05:57:11.787233+00,2025-06-15 08:25:12.005275+00
e2de4d94-8fec-4041-9737-96b0b6cd666a,cc03a332-37af-4854-97f8-24424a991994,7e394b09-96a6-437d-a89b-504510298c57,213450,cm,150,roll,130,"{""color"":""White""}",3847f8ac-ba55-4d2a-b392-ba03c847fe47,AVAILABLE,"{""2025-06-15T05:49:48Z"":""AVAILABLE""}",2025-06-15 05:49:48.426037+00,2025-06-15 08:10:17.269287+00
e5303847-ad76-4f26-ad91-e59bef8ed80f,cc03a332-37af-4854-97f8-24424a991994,7e394b09-96a6-437d-a89b-504510298c57,213450,ft,5,roll,120,"{""color"":""Khaki""}",0e168968-384b-43fa-8be6-c6336002a5cf,AVAILABLE,"{""2025-06-15T05:49:48Z"":""AVAILABLE""}",2025-06-15 05:49:48.426037+00,2025-06-15 05:53:39.484838+00
e79dbfe8-59ef-40dd-a875-df8f177f9b17,cc03a332-37af-4854-97f8-24424a991994,2723b6e5-194c-43e9-8785-b122f2b2536d,44543,m,2,roll,300,"{""type"":""Thick"",""color"":""White""}",,AVAILABLE,"{""2025-06-15T06:38:58Z"":""AVAILABLE""}",2025-06-15 06:38:58.639825+00,2025-06-15 10:18:13.387388+00
e947f260-5d08-4b4d-b4bd-7003dd2aaf33,cc03a332-37af-4854-97f8-24424a991994,7e394b09-96a6-437d-a89b-504510298c57,213450,cm,150,roll,130,"{""color"":""White""}",3847f8ac-ba55-4d2a-b392-ba03c847fe47,AVAILABLE,"{""2025-06-15T05:49:48Z"":""AVAILABLE""}",2025-06-15 05:49:48.426037+00,2025-06-15 08:10:17.269287+00
eb7ae68c-91dd-4aa2-bc0d-1e0cf6a80c06,cc03a332-37af-4854-97f8-24424a991994,7e394b09-96a6-437d-a89b-504510298c57,213453,m,1.4,roll,100,"{""color"":""Red""}",72ab0d77-f2b1-455c-9197-304058ff1115,AVAILABLE,"{""2025-06-15T05:49:48Z"":""AVAILABLE""}",2025-06-15 05:49:48.426037+00,2025-06-15 05:53:39.484838+00
ebcdabfb-cdf0-463f-bed9-5d834ef82500,cc03a332-37af-4854-97f8-24424a991994,2723b6e5-194c-43e9-8785-b122f2b2536d,44543,m,2,roll,300,"{""type"":""Thick"",""color"":""White""}",92bbf385-057f-49e1-b0b2-22b28c527110,AVAILABLE,"{""2025-06-15T05:57:11Z"":""AVAILABLE""}",2025-06-15 05:57:11.787233+00,2025-06-15 06:38:58.639825+00
ebfb8f58-64f6-42d1-92bd-c8c0802ab47e,cc03a332-37af-4854-97f8-24424a991994,2723b6e5-194c-43e9-8785-b122f2b2536d,44543,m,2,roll,300,"{""color"":""White""}",,AVAILABLE,"{""2025-06-15T05:57:11Z"":""AVAILABLE""}",2025-06-15 05:57:11.787233+00,2025-06-15 07:32:08.409273+00
ee345303-f930-4700-a959-78b368b57907,cc03a332-37af-4854-97f8-24424a991994,7e394b09-96a6-437d-a89b-504510298c57,213450,yd,1.7,roll,140,"{""color"":""White""}",245c7c08-1a93-43d5-bcbc-4ce6d49a477e,AVAILABLE,"{""2025-06-15T05:49:48Z"":""AVAILABLE""}",2025-06-15 05:49:48.426037+00,2025-06-15 07:15:58.829619+00
ee771874-6ebb-4fd0-81f0-51d1839243ca,cc03a332-37af-4854-97f8-24424a991994,7e394b09-96a6-437d-a89b-504510298c57,213453,m,1.4,roll,100,"{""color"":""Red""}",72ab0d77-f2b1-455c-9197-304058ff1115,AVAILABLE,"{""2025-06-15T05:49:48Z"":""AVAILABLE""}",2025-06-15 05:49:48.426037+00,2025-06-15 06:50:44.556474+00
ef1f4086-c2ab-4657-8c5f-54f6c73916cd,cc03a332-37af-4854-97f8-24424a991994,7e394b09-96a6-437d-a89b-504510298c57,213450,ft,5,roll,120,"{""color"":""Khaki""}",0e168968-384b-43fa-8be6-c6336002a5cf,AVAILABLE,"{""2025-06-15T05:49:48Z"":""AVAILABLE""}",2025-06-15 05:49:48.426037+00,2025-06-15 05:53:39.484838+00
f03e1f6f-58fe-4a50-8da0-02fb02a5f646,cc03a332-37af-4854-97f8-24424a991994,2723b6e5-194c-43e9-8785-b122f2b2536d,44543,m,2,roll,300,"{""type"":""Thick"",""color"":""White""}",,AVAILABLE,"{""2025-06-15T06:38:58Z"":""AVAILABLE""}",2025-06-15 06:38:58.639825+00,2025-06-15 10:18:03.727523+00
f0c583f0-af17-4414-8a76-34869766c80e,cc03a332-37af-4854-97f8-24424a991994,2723b6e5-194c-43e9-8785-b122f2b2536d,44543,m,2,roll,300,"{""type"":""Thick"",""color"":""White""}",92bbf385-057f-49e1-b0b2-22b28c527110,AVAILABLE,"{""2025-06-15T05:57:11Z"":""AVAILABLE""}",2025-06-15 05:57:11.787233+00,2025-06-15 06:38:58.639825+00
f10f7e1b-3224-41e8-bf8a-135af27737e5,cc03a332-37af-4854-97f8-24424a991994,2723b6e5-194c-43e9-8785-b122f2b2536d,44543,m,2,roll,300,"{""type"":""Thick"",""color"":""White""}",92bbf385-057f-49e1-b0b2-22b28c527110,AVAILABLE,"{""2025-06-15T05:57:11Z"":""AVAILABLE""}",2025-06-15 05:57:11.787233+00,2025-06-15 06:38:58.639825+00
f1cb4d44-2957-43e0-bdfc-9c555c6e15e9,cc03a332-37af-4854-97f8-24424a991994,7e394b09-96a6-437d-a89b-504510298c57,213450,in,60,roll,120,"{""color"":""White""}",752661f2-f44f-4741-8f77-9a846d7cda45,AVAILABLE,"{""2025-06-15T05:49:48Z"":""AVAILABLE""}",2025-06-15 05:49:48.426037+00,2025-06-15 10:18:57.287672+00
f5a9653e-0e5c-4499-afe4-c614f6e2523c,cc03a332-37af-4854-97f8-24424a991994,7e394b09-96a6-437d-a89b-504510298c57,213450,in,60,roll,120,"{""color"":""White""}",752661f2-f44f-4741-8f77-9a846d7cda45,AVAILABLE,"{""2025-06-15T05:49:48Z"":""AVAILABLE""}",2025-06-15 05:49:48.426037+00,2025-06-15 10:18:31.680536+00
f5f9f551-5307-42b5-b8b7-121143eaa691,cc03a332-37af-4854-97f8-24424a991994,7e394b09-96a6-437d-a89b-504510298c57,213450,ft,5,roll,120,"{""color"":""Khaki""}",0e168968-384b-43fa-8be6-c6336002a5cf,AVAILABLE,"{""2025-06-15T05:49:48Z"":""AVAILABLE""}",2025-06-15 05:49:48.426037+00,2025-06-15 05:53:39.484838+00
f67ea764-1497-45b5-a6c4-07e4ef9174e0,cc03a332-37af-4854-97f8-24424a991994,2723b6e5-194c-43e9-8785-b122f2b2536d,44543,m,2,roll,300,"{""type"":""Thick"",""color"":""White""}",92bbf385-057f-49e1-b0b2-22b28c527110,AVAILABLE,"{""2025-06-15T05:57:11Z"":""AVAILABLE""}",2025-06-15 05:57:11.787233+00,2025-06-15 06:38:58.639825+00
f6dfd210-f1cd-4d29-acf3-4bc0015c7a64,cc03a332-37af-4854-97f8-24424a991994,9d709bf3-8e1e-457d-815c-828601c73242,43455,m,10,roll,434,{},4bd30b86-02d0-45eb-85d3-3ed70d689373,AVAILABLE,"{""2025-06-15T09:55:51Z"":""AVAILABLE""}",2025-06-15 09:55:51.917708+00,2025-06-15 09:55:51.917708+00
f7f062e0-6a2f-4c07-820c-8fd92e1171d7,cc03a332-37af-4854-97f8-24424a991994,7e394b09-96a6-437d-a89b-504510298c57,213450,yd,1.7,roll,140,"{""color"":""White""}",245c7c08-1a93-43d5-bcbc-4ce6d49a477e,AVAILABLE,"{""2025-06-15T05:49:48Z"":""AVAILABLE""}",2025-06-15 05:49:48.426037+00,2025-06-15 07:15:58.829619+00
f9913828-f9ac-4ca0-86c6-596263241761,cc03a332-37af-4854-97f8-24424a991994,7e394b09-96a6-437d-a89b-504510298c57,213453,m,1.4,roll,100,"{""color"":""Red""}",72ab0d77-f2b1-455c-9197-304058ff1115,AVAILABLE,"{""2025-06-15T05:49:48Z"":""AVAILABLE""}",2025-06-15 05:49:48.426037+00,2025-06-15 06:50:44.556474+00
fc427e89-f5ee-4b0d-91c2-837c8e1b1ba2,cc03a332-37af-4854-97f8-24424a991994,7e394b09-96a6-437d-a89b-504510298c57,213450,ft,5,roll,120,"{""color"":""Khaki""}",0e168968-384b-43fa-8be6-c6336002a5cf,AVAILABLE,"{""2025-06-15T05:49:48Z"":""AVAILABLE""}",2025-06-15 05:49:48.426037+00,2025-06-15 05:53:39.484838+00
fd87df9a-ab83-427f-accb-a1a90240c88f,cc03a332-37af-4854-97f8-24424a991994,7e394b09-96a6-437d-a89b-504510298c57,213450,yd,1.7,roll,140,"{""color"":""White""}",245c7c08-1a93-43d5-bcbc-4ce6d49a477e,AVAILABLE,"{""2025-06-15T05:49:48Z"":""AVAILABLE""}",2025-06-15 05:49:48.426037+00,2025-06-15 07:15:58.829619+00
fd92caec-4a1a-4d2b-a263-65de5065bed2,cc03a332-37af-4854-97f8-24424a991994,7e394b09-96a6-437d-a89b-504510298c57,213450,ft,5,roll,120,"{""color"":""Khaki""}",0e168968-384b-43fa-8be6-c6336002a5cf,AVAILABLE,"{""2025-06-15T05:49:48Z"":""AVAILABLE""}",2025-06-15 05:49:48.426037+00,2025-06-15 05:53:39.484838+00
fdea8224-ba1d-44b2-bd1b-f14f290dfa4d,cc03a332-37af-4854-97f8-24424a991994,7e394b09-96a6-437d-a89b-504510298c57,213450,cm,150,roll,130,"{""color"":""White""}",3847f8ac-ba55-4d2a-b392-ba03c847fe47,AVAILABLE,"{""2025-06-15T05:49:48Z"":""AVAILABLE""}",2025-06-15 05:49:48.426037+00,2025-06-15 08:10:17.269287+00
ff656bcd-f077-49ac-a7a3-585e868b2afc,cc03a332-37af-4854-97f8-24424a991994,2723b6e5-194c-43e9-8785-b122f2b2536d,44543,m,2,roll,300,"{""type"":""Thick"",""color"":""White""}",92bbf385-057f-49e1-b0b2-22b28c527110,AVAILABLE,"{""2025-06-15T05:57:11Z"":""AVAILABLE""}",2025-06-15 05:57:11.787233+00,2025-06-15 06:38:58.639825+00